territory_id,name,parent_id,level,geometry,population
275,деревня Анисимово,3,5,"{'type': 'Polygon', 'coordinates': [[[34.26283432093, 59.325220293851466], [34.26202933954521, 59.32172378563602], [34.25990550899721, 59.31837469800062], [34.25654477841786, 59.31530167200523], [34.25207651179431, 59.31262271249758], [34.24667248427942, 59.3104406669279], [34.240540271608204, 59.308839288716165], [34.233915288051115, 59.30788003406286], [34.22705177658464, 59.307599712962855], [34.22021309189438, 59.308009082762055], [34.21366164152481, 59.30909243707167], [34.207648862375315, 59.31080820548909], [34.202405608542065, 59.31309054166261], [34.19813331224376, 59.315851840106056], [34.19499625256275, 59.31898608710762], [34.19311522761606, 59.32237291934573], [34.19256287552799, 59.325882236586416], [34.19336082958191, 59.329379193149066], [34.19547882497736, 59.33272937757769], [34.198835800931185, 59.33580398183562], [34.20330296506447, 59.33848476079915], [34.20870871006956, 59.340668590022425], [34.21484519874009, 59.34227144454032], [34.22147636582384, 59.34323164339796], [34.22834702695791, 59.343512232853655], [34.23519273898359, 59.34310241470686], [34.24175002450729, 59.34201796360318], [34.24776655827996, 59.34030061692246], [34.253010914598605, 59.33801646129277], [34.257281493402175, 59.33525337919613], [34.2604142770823, 59.33211765588924], [34.26228911850467, 59.32872987944759], [34.26283432093, 59.325220293851466]]]}",490
276,деревня Большой Двор,3,5,"{'type': 'Polygon', 'coordinates': [[[34.269146152417676, 59.31350563121434], [34.2683408162016, 59.310009157087876], [34.266217111939945, 59.306660166025004], [34.26285698358893, 59.3035872953815], [34.258389771741584, 59.30090854406257], [34.252987210875204, 59.29872675156203], [34.246856820352335, 59.29712566162831], [34.24023394454175, 59.296166719438894], [34.23337274565679, 59.29588672302934], [34.226536489826096, 59.29629641730213], [34.219987491598935, 59.297380083414026], [34.21397709396265, 59.29909613897314], [34.2087360597445, 59.30137872656565], [34.20446573600672, 59.30414023099944], [34.20133032603836, 59.307274630592865], [34.19945056443728, 59.31066155610487], [34.19889904054211, 59.31417090366837], [34.19969735549464, 59.317667826403074], [34.20181523027995, 59.32101791413799], [34.20517160842637, 59.32409236255917], [34.20963772027607, 59.32677293255916], [34.215041998817455, 59.328956507766556], [34.22117666318853, 59.33055907303184], [34.227805718366184, 59.331518958571536], [34.234674061383984, 59.331799222733366], [34.241517338482744, 59.33138907985192], [34.24807216618782, 59.33030431706713], [34.25408631402636, 59.32858668372957], [34.25932844823729, 59.32630227745573], [34.26359705429554, 59.323538990315505], [34.26672819041415, 59.320403115391315], [34.268601772650484, 59.31701524652985], [34.269146152417676, 59.31350563121434]]]}",9
277,деревня Бочатино,3,5,"{'type': 'Polygon', 'coordinates': [[[34.23308444924765, 59.266713500411946], [34.23228397288541, 59.263216762996045], [34.23016677227338, 59.25986713937277], [34.226814540676195, 59.25679329144459], [34.22235631497794, 59.25411325591853], [34.21696348463725, 59.25192992185539], [34.21084319589887, 59.25032709239813], [34.20423040612845, 59.249366279640526], [34.197378891340335, 59.24908435347464], [34.19055154689683, 59.249492132842306], [34.18401034605113, 59.250573972295776], [34.17800633290389, 59.25228835940331], [34.17277002517527, 59.25456950062359], [34.168502587981656, 59.257329836131966], [34.165368112866354, 59.26046338901427], [34.163487297299696, 59.26384982249996], [34.162932769720236, 59.26735905165818], [34.16372624530796, 59.27085623427863], [34.165837629853904, 59.2742069503964], [34.16918611553643, 59.27728237178684], [34.173643235753495, 59.27996422219766], [34.17903776934701, 59.28214933626846], [34.185162310768405, 59.28375363986611], [34.191781255219915, 59.28471539647215], [34.19863988969231, 59.284997592501995], [34.20547423491484, 59.28458936792939], [34.21202125182819, 59.28350643598061], [34.218029010887776, 59.281790475410055], [34.22326642409276, 59.27950751930471], [34.22753215802905, 59.27674540378909], [34.23066238045978, 59.27361037676722], [34.23253704134765, 59.270222999433884], [34.23308444924765, 59.266713500411946]]]}",9
278,деревня Велье,3,5,"{'type': 'Polygon', 'coordinates': [[[34.42821898355825, 59.50529004536541], [34.427392384720186, 59.50179474198134], [34.42524068221964, 59.498448552093414], [34.42184689901057, 59.49538000439091], [34.417341669868826, 59.49270693061515], [34.411898188778615, 59.490531951179996], [34.40572554407151, 59.48893854739314], [34.39906069879682, 59.487987868809626], [34.39215942213365, 59.487716396059085], [34.38528651460238, 59.48813454702775], [34.37870569448082, 59.48922627873058], [34.37266952460248, 59.490949699836314], [34.36740975734439, 59.493238670912454], [34.36312846112656, 59.496005332349284], [34.35999026446267, 59.499143464905195], [34.358116014161595, 59.50253255613441], [34.35757809366991, 59.50604241878521], [34.35839758714871, 59.50953818564061], [34.360543406499055, 59.51288549010481], [34.36393342442292, 59.51595563380459], [34.3684375793755, 59.51863054202265], [34.37388284090928, 59.520807315068], [34.38005984963728, 59.52240219857193], [34.38673097812788, 59.52335381770574], [34.393639500638805, 59.52362554864934], [34.400519513533965, 59.5232069342089], [34.40710621680727, 59.52211408792897], [34.4131461519684, 59.52038907082516], [34.41840699341063, 59.51809826530646], [34.422686509180274, 59.515329810259885], [34.42582034182174, 59.51219019798771], [34.427688308909325, 59.50880016620901], [34.42821898355825, 59.50529004536541]]]}",9
279,деревня Верховье,3,5,"{'type': 'Polygon', 'coordinates': [[[34.34187532030343, 59.5750521179687], [34.341055852043944, 59.57155628150942], [34.33890814863904, 59.56820869319772], [34.335515081744376, 59.565137935586996], [34.33100726074109, 59.5624619252833], [34.32555798077433, 59.560283395313824], [34.319376553768656, 59.55868596305644], [34.31270028009322, 59.55773093242111], [34.30578536703838, 59.55745495081488], [34.29889713735446, 59.55786860898596], [34.292299895873576, 59.558956036315244], [34.28624683411112, 59.56067550676166], [34.280970351455416, 59.56296103277387], [34.2766731571272, 59.56572488736882], [34.27352048984266, 59.56886095954465], [34.27163375268038, 59.572248816491964], [34.271085810021454, 59.575758318862135], [34.27189813298217, 59.579254613695646], [34.274039911294295, 59.582603314397545], [34.27742917534347, 59.58567566906323], [34.28193589469783, 59.58835351794976], [34.287386941929405, 59.59053384812238], [34.29357273606458, 59.592132768138526], [34.300255311878686, 59.593088747590286], [34.307177502637344, 59.593364994621716], [34.3140728776247, 59.59295087807599], [34.32067604419996, 59.59186233835568], [34.32673290880548, 59.590141270853486], [34.33201049310507, 59.58785390625818], [34.33630592016379, 59.585088251460505], [34.339454220317236, 59.58195069152677], [34.34133465534328, 59.578561885763826], [34.34187532030343, 59.5750521179687]]]}",10
280,деревня Володино,3,5,"{'type': 'Polygon', 'coordinates': [[[34.366025191380956, 59.637972369864556], [34.36520159140317, 59.634476732059206], [34.363047386504704, 59.63112959437192], [34.35964569945608, 59.62805952179856], [34.3551274715479, 59.6253844043385], [34.349666397777355, 59.62320694042863], [34.343472242510195, 59.62161070624444], [34.33678279387903, 59.620656959500366], [34.32985476372474, 59.62038229821348], [34.32295397701227, 59.620797262453266], [34.31634521943627, 59.62188593157149], [34.310282123800974, 59.62360653204546], [34.30499747444411, 59.62589303317811], [34.30069429450161, 59.62865767079199], [34.297538053496375, 59.63179430402904], [34.295650293217065, 59.635182478673634], [34.295103919119185, 59.63869204321977], [34.295920343912385, 59.64218814225863], [34.29806860140022, 59.64553639655736], [34.30146647425116, 59.64860807112635], [34.30598360185217, 59.651285032077034], [34.311446456718954, 59.65346430031782], [34.31764500333101, 59.65506202498016], [34.324340785013646, 59.65601672143761], [34.33127612577575, 59.65629164708768], [34.33818408767751, 59.655876221613944], [34.344798792665735, 59.6547864358834], [34.35086570249626, 59.65306423341304], [34.35615145215522, 59.65077588878951], [34.36045285099676, 59.648009446845116], [34.3636047006555, 59.644871323130786], [34.36548612788581, 59.6414821987736], [34.366025191380956, 59.637972369864556]]]}",10
281,деревня Гагрино,3,5,"{'type': 'Polygon', 'coordinates': [[[34.113458876440305, 59.17983697730151], [34.11267275371763, 59.17633941866174], [34.110572713870006, 59.17298775731768], [34.10723978972437, 59.16991073410073], [34.10280227638843, 59.16722650831333], [34.097430768680645, 59.165038130479886], [34.09133159567725, 59.16342959780452], [34.084738906108264, 59.16246264154695], [34.07790570653075, 59.16217436744825], [34.07109419114511, 59.16257583795601], [34.06456572687615, 59.163651649493964], [34.05857086933083, 59.16536052066022], [34.05333978419581, 59.16763686931714], [34.04907343457074, 59.17039331938042], [34.04593586796137, 59.173524043018034], [34.04404789781233, 59.17690881218977], [34.04348242452137, 59.18041760616453], [34.04426158121595, 59.18391559989739], [34.04635582197128, 59.18726834282785], [34.04968499681933, 59.19034692946296], [34.05412138144943, 59.19303296248422], [34.059494552879386, 59.1952231162323], [34.06559792874734, 59.19683312313607], [34.072196720475546, 59.19780102749774], [34.07903699250805, 59.19808957923582], [34.08585547392627, 59.1976876736346], [34.0923897372891, 59.19661078050942], [34.098388344129766, 59.19490034592422], [34.10362055796586, 59.192622190033184], [34.10788524386429, 59.18986396405567], [34.111018607607534, 59.18673176619049], [34.112900475599595, 59.18334604891536], [34.113458876440305, 59.17983697730151]]]}",10
282,деревня Глядково,3,5,"{'type': 'Polygon', 'coordinates': [[[34.27017483381527, 59.30059739665547], [34.26936971461009, 59.2971009213932], [34.26724673048404, 59.29375193816849], [34.26388779741485, 59.290679084063896], [34.259422209858975, 59.288000357392534], [34.25402163980275, 59.285818596753394], [34.24789353017541, 59.284217544723774], [34.24127313789631, 59.28325864507067], [34.234414530042805, 59.282978694226905], [34.22758087353073, 59.283388435356734], [34.22103438337787, 59.2844721478082], [34.2150263064919, 59.286188247380714], [34.209787316718284, 59.28847087492564], [34.20551868262387, 59.29123241366324], [34.202384542494364, 59.29436684054015], [34.20050558192505, 59.29775378522069], [34.1999543591667, 59.301263143069065], [34.20075246342896, 59.30476006679672], [34.20286962343364, 59.30811014620247], [34.206224809872346, 59.31118457732034], [34.210689298679675, 59.313865121751356], [34.21609158514483, 59.316048664159176], [34.222223965031866, 59.31765119070826], [34.228850531313434, 59.31861103314928], [34.235716276975765, 59.31889125151825], [34.242556948435286, 59.31848106192264], [34.249109262711066, 59.31739625328928], [34.25512108622519, 59.31567857670274], [34.2603611747425, 59.3133941313979], [34.264628092423465, 59.31063081089202], [34.26775796229172, 59.307494909496434], [34.26963074886089, 59.304107022028795], [34.27017483381527, 59.30059739665547]]]}",10
283,деревня Головково,3,5,"{'type': 'Polygon', 'coordinates': [[[34.27681253360524, 59.21276990048561], [34.276008923348954, 59.209273415071564], [34.27389085790579, 59.205924479016126], [34.270540062175584, 59.20285172778042], [34.26608551653449, 59.20017315602032], [34.26069846816319, 59.1979915967373], [34.25458584085575, 59.196390785131825], [34.24798229794101, 59.19543215604329], [34.24114126105083, 59.195152495722205], [34.234325224290885, 59.195562536254066], [34.22779572799054, 59.19664654542467], [34.221803368049905, 59.19836292744049], [34.21657821569313, 59.20064581200357], [34.2123210082016, 59.20340757210183], [34.20919544425501, 59.206542175813745], [34.20732187848927, 59.20992924569517], [34.2067726597703, 59.21343867208272], [34.20756929785767, 59.21693560496699], [34.209681575381595, 59.22028563385086], [34.21302864860016, 59.2233599569002], [34.21748210385636, 59.22604034016486], [34.22287085997177, 59.228223674858334], [34.22898773316472, 59.229825955489886], [34.23559741370915, 59.23078552357408], [34.24244554557419, 59.23106544990663], [34.24926855450754, 59.23065496190414], [34.25580383872865, 59.22956985990426], [34.26179992117862, 59.22785190607407], [34.26702616391548, 59.22556721000612], [34.27128166365844, 59.22280367449781], [34.27440298171798, 59.21966760176064], [34.276270409856345, 59.216279592884334], [34.27681253360524, 59.21276990048561]]]}",10
284,деревня Горка,3,5,"{'type': 'Polygon', 'coordinates': [[[34.450977284436604, 59.58701959181557], [34.45014619802148, 59.58352449173955], [34.44798690571557, 59.58017874575196], [34.444582723849706, 59.57711086520099], [34.44006468774451, 59.574438655844716], [34.43460648356355, 59.57226470452265], [34.42841776453664, 59.57067245272108], [34.42173610975913, 59.56972300550435], [34.414817932185194, 59.569452796085244], [34.40792867943431, 59.56987219384389], [34.401332695703125, 59.570965108057116], [34.39528312484687, 59.572689602231776], [34.390012233298386, 59.57497949604224], [34.38572251695529, 59.577746894773924], [34.38257892880704, 59.58088555116357], [34.3807025245318, 59.584274932856204], [34.3801657725577, 59.5877848415349], [34.38098971453879, 59.59128040817164], [34.383143093648904, 59.59462727368974], [34.386543493787315, 59.597696756302746], [34.39106045536768, 59.600370806353354], [34.39652045581418, 59.60254655677309], [34.402713568432866, 59.60414029217927], [34.40940154524421, 59.60509068164198], [34.41632701082115, 59.60536114849987], [34.42322340801074, 59.60494128418004], [34.429825304939286, 59.60384725043549], [34.43587865752052, 59.602121154198024], [34.441150623588776, 59.59982941969294], [34.445438543661666, 59.59706022186399], [34.448577738216585, 59.59392008187062], [34.45044782046046, 59.59052975793277], [34.450977284436604, 59.58701959181557]]]}",10
285,деревня Григоркино,3,5,"{'type': 'Polygon', 'coordinates': [[[34.3892458533869, 59.5866802756879], [34.38842117477772, 59.583184761314584], [34.38626802003817, 59.5798379760849], [34.38286947017193, 59.57676847149801], [34.378356344842615, 59.57409411586014], [34.37290214239616, 59.57191757853168], [34.366716363164926, 59.57032240031525], [34.36003647400807, 59.56936979857976], [34.35311882050593, 59.56909632753876], [34.34622883028317, 59.56951248165357], [34.33963087566707, 59.57060229459566], [34.33357817571972, 59.572323948838466], [34.32830311634775, 59.57461137305554], [34.32400835271583, 59.577376767396295], [34.32085903088993, 59.58051396168694], [34.31897642614934, 59.583902479915785], [34.31843324472168, 59.587412157173844], [34.31925077519381, 59.59090813358795], [34.321398007339, 59.5942560345912], [34.32479276181457, 59.59732713881818], [34.32930479677123, 59.60000333443215], [34.33476077986352, 59.60218167195307], [34.34095093967287, 59.60377833651529], [34.34763714243719, 59.604731884467014], [34.354562081386106, 59.60500561754169], [34.36145921975061, 59.60458900138565], [34.368063096962636, 59.60349807266915], [34.37411959229821, 59.60177481878547], [34.37939574203777, 59.59948555459203], [34.3836887250192, 59.59671836005921], [34.386833666265396, 59.59357967942364], [34.38870995740097, 59.59019021497936], [34.3892458533869, 59.5866802756879]]]}",10
286,деревня Дуброва,3,5,"{'type': 'Polygon', 'coordinates': [[[34.26364789566196, 59.477111576664996], [34.262839015610595, 59.473615165978465], [34.26070538544844, 59.47026620061584], [34.25732933440065, 59.46719331656235], [34.25284081745595, 59.46451451266752], [34.24741238862536, 59.462332629773265], [34.24125256033016, 59.46073141443048], [34.234597805518355, 59.459772316067706], [34.22770350754263, 59.45949213834295], [34.22083419990398, 59.45990163299422], [34.21425346275204, 59.46098508898399], [34.20821385495895, 59.46270093237619], [34.20294725937646, 59.46498331448], [34.19865600457036, 59.46774462867194], [34.19550509921737, 59.47087886125324], [34.1936158760832, 59.47426564997097], [34.193061292059845, 59.477774896596145], [34.19386307050294, 59.48127175826158], [34.19599080387316, 59.484621827009576], [34.19936306067814, 59.487696298874624], [34.20385046356874, 59.4903769332775], [34.209280628139666, 59.492560610698085], [34.21544477771988, 59.494163311384995], [34.22210578148528, 59.4951233597794], [34.22900730473612, 59.4954038075893], [34.235883713987675, 59.49499386195874], [34.24247034793313, 59.49390930258277], [34.248513749966655, 59.492191871378196], [34.25378145959828, 59.48990765876606], [34.258070978659426, 59.487144550048214], [34.2612175627258, 59.48400883212362], [34.26310053690875, 59.48062109337507], [34.26364789566196, 59.477111576664996]]]}",10
287,деревня Дудинское,3,5,"{'type': 'Polygon', 'coordinates': [[[34.10688230823554, 59.179206749255556], [34.10609687196798, 59.17570914843366], [34.10399751379187, 59.172357378459125], [34.10066524037914, 59.16928018436204], [34.09622832190162, 59.16659573202843], [34.090857330408205, 59.16440708069575], [34.08475857523333, 59.162798238074686], [34.07816618913699, 59.16183094732173], [34.0713331670785, 59.16154232701018], [34.06452169646871, 59.16194345286532], [34.05799314250712, 59.163018934528075], [34.051998064206565, 59.164727503249395], [34.04676663566611, 59.16700358849758], [34.0424998330918, 59.16975982430394], [34.039361721299954, 59.17289039107407], [34.03747313459915, 59.176275066810234], [34.03690699701605, 59.1797838343943], [34.03768546717375, 59.18328186982253], [34.03977902553517, 59.18663472095987], [34.043107548397195, 59.18971347817918], [34.0475433365759, 59.19239973762334], [34.05291599010111, 59.19459016493882], [34.059018946610124, 59.19620048203755], [34.06561743372822, 59.197168721287], [34.07245752767037, 59.1974576197137], [34.079275964394505, 59.19705605925181], [34.08581031817238, 59.195979496425416], [34.09180914702138, 59.19426936458114], [34.09704170585591, 59.19199147222212], [34.101306846393925, 59.18923346043334], [34.10444075685006, 59.18610141918638], [34.10632324253134, 59.18271579495451], [34.10688230823554, 59.179206749255556]]]}",10
288,деревня Ёлзово,3,5,"{'type': 'Polygon', 'coordinates': [[[34.26558681131804, 59.29372065568421], [34.26478233405758, 59.29022414627397], [34.262660236711554, 59.286875081808724], [34.259302401061476, 59.28380210252555], [34.254838079346406, 59.28112321158272], [34.24943889494322, 59.27894125392322], [34.24331223764207, 59.277339979718995], [34.23669330871886, 59.2763808412867], [34.22983611921582, 59.27610064423376], [34.22300378174488, 59.27651014117139], [34.21645846080732, 59.27759362080635], [34.2104513584966, 59.27930950785258], [34.20521311125056, 59.28159195129428], [34.200944959065694, 59.28435334139536], [34.19781102159792, 59.28748766079134], [34.195931976485916, 59.29087454326507], [34.19538038502837, 59.294383886572916], [34.196177850400794, 59.29788084399969], [34.19829412570304, 59.30123100407473], [34.201648215506665, 59.304305559764444], [34.206111437844264, 59.30698626791718], [34.21151233671028, 59.30917000693624], [34.21764326130409, 59.310772755453755], [34.22426836069352, 59.31173283670205], [34.2311326844383, 59.31201330153836], [34.237972033801796, 59.31160335658378], [34.24452317678468, 59.31051878133822], [34.25053402493954, 59.30880131788465], [34.2557733715582, 59.306517057232774], [34.260039809275725, 59.30375388577255], [34.263169479449274, 59.3006180920641], [34.265042354097375, 59.29723026677516], [34.26558681131804, 59.29372065568421]]]}",10
289,деревня Замошье,3,5,"{'type': 'Polygon', 'coordinates': [[[34.31319533672349, 59.457069269121746], [34.31238185124199, 59.453573171357206], [34.310244622193224, 59.45022501794063], [34.306866116209726, 59.447153413533535], [34.3023763817016, 59.44447630777142], [34.29694801866505, 59.44229647628884], [34.29078953642533, 59.44069758693418], [34.2841373559582, 59.439740999942586], [34.27724676180211, 59.43946342268628], [34.27038214558136, 59.43987550719077], [34.26380690788898, 59.44096144307804], [34.25777339714976, 59.44267956123232], [34.25251326282909, 59.444963925583394], [34.24822858599645, 59.44772685328074], [34.2450841231109, 59.45086226848775], [34.243200959604785, 59.45424976331091], [34.24265181938802, 59.45775921216105], [34.24345821615582, 59.46125576417692], [34.24558956415653, 59.46460502311396], [34.24896429209354, 59.4676782160054], [34.253452926730596, 59.47035715138357], [34.258883035517954, 59.472538775071506], [34.265045843356624, 59.47413914637367], [34.27170427073797, 59.47509667944175], [34.27860208208697, 59.47537452287172], [34.28547378702604, 59.474961984115474], [34.29205490576804, 59.473874942706885], [34.29809219455135, 59.47215523606745], [34.303353428738156, 59.469869042100065], [34.307636359815376, 59.46710432219781], [34.31077649710039, 59.46396742504409], [34.312653413694676, 59.46057898414526], [34.31319533672349, 59.457069269121746]]]}",10
290,деревня Заручевье,3,5,"{'type': 'Polygon', 'coordinates': [[[34.18439790489325, 59.5536017383112], [34.18359529660807, 59.55010485904566], [34.18146458373191, 59.54675463071917], [34.17808798585627, 59.543679737936756], [34.173595481130704, 59.5409982566442], [34.16815977830559, 59.53881313030845], [34.161989669947594, 59.53720822973083], [34.15532202369823, 59.536245145500544], [34.14841271703974, 59.535960833992064], [34.14152685824428, 59.53636620541605], [34.134928661090534, 59.53744570693294], [34.12887135295521, 59.53915791648889], [34.123587494755675, 59.54143712513622], [34.11928007695316, 59.544195848470515], [34.116114728741444, 59.547328172750994], [34.11421333827349, 59.55071380952075], [34.11364933130225, 59.55422270527871], [34.11444479530659, 59.55772003102878], [34.11656956783508, 59.56107136123527], [34.11994233365994, 59.5641478435421], [34.12443369802715, 59.56683116001298], [34.129871125796626, 59.569018087791754], [34.13604556179558, 59.570624481823664], [34.14271947953874, 59.5715885241544], [34.14963604676527, 59.57187311254722], [34.15652904984626, 59.571467294638296], [34.163133187349324, 59.57038669124056], [34.16919432753303, 59.56867289215939], [34.17447932608592, 59.566391848333446], [34.17878501893939, 59.56363132355656], [34.18194603950852, 59.56049750582263], [34.18384115848506, 59.55711091095325], [34.18439790489325, 59.5536017383112]]]}",10
291,деревня Захожи,3,5,"{'type': 'Polygon', 'coordinates': [[[34.33894197316949, 59.53653804410039], [34.33812379839978, 59.533042164755], [34.33597888797451, 59.52969449938941], [34.33259000534153, 59.52662363362408], [34.32808759854236, 59.52394748836669], [34.32264475453278, 59.521768801993176], [34.31647053821742, 59.52017119804709], [34.309801973560326, 59.51921598716037], [34.30289497257757, 59.51893982374141], [34.296014555074535, 59.51935330553854], [34.28942472674099, 59.52044056866073], [34.28337839508513, 59.52215989327186], [34.2781077014044, 59.52444529727999], [34.27381513258059, 59.52720905822812], [34.27066574926735, 59.530345068557864], [34.26878082764643, 59.533732897711964], [34.26823316134966, 59.537242407335135], [34.26904420975934, 59.540738744175435], [34.27118321050877, 59.544087520073475], [34.27456829984434, 59.54715998034037], [34.27906960722019, 59.5498379613203], [34.28451421305885, 59.55201844516519], [34.29069278423421, 59.55361753468273], [34.29736763379461, 59.55457369307596], [34.30428189290388, 59.55485012168708], [34.31116943677159, 59.5544361823946], [34.31776517478256, 59.553347808739105], [34.32381529973342, 59.551626889625624], [34.32908709283246, 59.549339649894705], [34.33337789982254, 59.54657409147559], [34.336522928274185, 59.54343659557529], [34.33840156499423, 59.540047818915426], [34.33894197316949, 59.53653804410039]]]}",10
292,деревня Казённое Село,3,5,"{'type': 'Polygon', 'coordinates': [[[34.3525641532877, 59.64249299382319], [34.35174183464953, 59.63899726931055], [34.3495886708472, 59.635649909072185], [34.34618774486777, 59.6325794866916], [34.341669968993784, 59.6299039056246], [34.33620902106811, 59.62772588211391], [34.33001466078219, 59.62612901380762], [34.323324684229455, 59.62517458273948], [34.316395823528374, 59.62489921316531], [34.30949393546055, 59.62531347231363], [34.30288384786898, 59.62640146658083], [34.296819244444926, 59.628121448343194], [34.29153296723039, 59.630407410666756], [34.28722810170158, 59.63317161009035], [34.28407018199506, 59.636307922627736], [34.282180814328214, 59.63969590643727], [34.28163296593702, 59.64320541740603], [34.282448106287866, 59.64670160224444], [34.28459531872094, 59.65005007847405], [34.287992426290856, 59.653122102612], [34.29250909803384, 59.65579952734965], [34.297971824202065, 59.657979355762144], [34.3041705743838, 59.659577715421335], [34.31086688416411, 59.660533097248425], [34.317803057247524, 59.66080873224291], [34.32471212360739, 59.66039401276842], [34.33132816256982, 59.65930490250907], [34.33739658440092, 59.65758331898854], [34.34268396574139, 59.655295512994094], [34.34698705302292, 59.65252950866913], [34.350140582832026, 59.649391704779674], [34.35202361727376, 59.646002770212036], [34.3525641532877, 59.64249299382319]]]}",10
293,деревня Калинецкое,3,5,"{'type': 'Polygon', 'coordinates': [[[34.19243460967379, 59.229352566846536], [34.191639213705024, 59.2258555438018], [34.189528349899994, 59.222505220206315], [34.18618346749922, 59.21943028509218], [34.18173332091481, 59.21674881716809], [34.17634898954746, 59.21456376072078], [34.17023729384954, 59.21295898519378], [34.16363286205527, 59.21199607749148], [34.156789150190605, 59.211711987948085], [34.14996875488668, 59.21211761849763], [34.14343338323111, 59.21319740606741], [34.137433855818635, 59.21490991684874], [34.13220051803525, 59.217189429184785], [34.12793442044982, 59.21994844566804], [34.12479960230942, 59.22308103996289], [34.12291677317278, 59.22646691211195], [34.122358637653114, 59.229975998821146], [34.123147048447386, 59.23347346349937], [34.125252105093985, 59.23682487554547], [34.1285932424393, 59.239901380220765], [34.13304227622245, 59.24258465986527], [34.13842829645766, 59.24477149437434], [34.144544225578755, 59.24637774361056], [34.15115479085153, 59.247341596310406], [34.15800560248303, 59.24762595827232], [34.16483298296595, 59.247219886088885], [34.1713741617815, 59.246139010067665], [34.17737743424716, 59.24442492972438], [34.182611884827026, 59.242143605667636], [34.186876293540074, 59.23938281112301], [34.19000687825574, 59.23624874311981], [34.191883573916165, 59.232861925973964], [34.19243460967379, 59.229352566846536]]]}",10
294,деревня Карповская,3,5,"{'type': 'Polygon', 'coordinates': [[[34.31245114733199, 59.58782202576851], [34.311634401117445, 59.58432600262247], [34.309488783181074, 59.580977931121595], [34.30609708559278, 59.57790641245775], [34.301589865676455, 59.575229392503005], [34.29614039596325, 59.57304964305053], [34.28995799600234, 59.571450828259664], [34.28328000368273, 59.570494305052094], [34.2763626922483, 59.570216778057656], [34.26947147631628, 59.57062889727998], [34.262870775014456, 59.571714851131105], [34.25681391226073, 59.573432970124905], [34.25153343294919, 59.57571731862612], [34.24723219940351, 59.57848021493684], [34.24407560523034, 59.581615584963885], [34.242185204284866, 59.585003022999196], [34.241634001836836, 59.58851240592885], [34.24244359457535, 59.592008885516556], [34.24458327761776, 59.5953580681776], [34.24797116242761, 59.59843118355616], [34.252477272142514, 59.60111004269506], [34.25792850325049, 59.60329159380205], [34.26411526804699, 59.604891898432115], [34.27079956413676, 59.60584937284889], [34.27772415858346, 59.60612716760935], [34.284622527996206, 59.60571459194491], [34.291229164193595, 59.60462752693278], [34.29728983972332, 59.602907811223474], [34.30257142923125, 59.60062162353783], [34.30687090137746, 59.597856925573005], [34.310023130713425, 59.594720065707634], [34.3119072278912, 59.59133167646392], [34.31245114733199, 59.58782202576851]]]}",10
295,деревня Климово,3,5,"{'type': 'Polygon', 'coordinates': [[[34.29224022570293, 59.30320544177714], [34.291432779045564, 59.29970911252288], [34.28930746581483, 59.29636049845267], [34.28594629136479, 59.293288222380646], [34.28147863605154, 59.290610260348636], [34.276076251019326, 59.28842942154592], [34.26994664861779, 59.28682941313579], [34.263325142831334, 59.28587163882607], [34.25646584329971, 59.28559285187755], [34.24963194339765, 59.286003750817535], [34.24308566750006, 59.28708857059352], [34.2370782544097, 59.288805684533095], [34.23184035269718, 59.291089194564066], [34.22757318942017, 59.29385145001842], [34.22444084666992, 59.29698640028846], [34.22256394127158, 59.300373654878285], [34.22201495272691, 59.303883097168224], [34.22281538450886, 59.307379876533766], [34.22493487589089, 59.31072958822781], [34.22829230784229, 59.313803442333125], [34.23275886976894, 59.31648322256681], [34.238162976985855, 59.31866584293485], [34.24429685495737, 59.32026732504672], [34.25092453878265, 59.32122604083674], [34.257790978271025, 59.32150509371203], [34.26463189305301, 59.321093744660324], [34.271183990800864, 59.32000782725968], [34.277195146387534, 59.318289135286044], [34.2824341414818, 59.316003807053164], [34.28669958256958, 59.31323977003386], [34.2898276497483, 59.310103346062924], [34.29169837711015, 59.306715149993586], [34.29224022570293, 59.30320544177714]]]}",10
296,поселок Коли,3,5,"{'type': 'Polygon', 'coordinates': [[[34.53523292128888, 59.496300186001534], [34.53439550471078, 59.49280560145121], [34.53223382866359, 59.48946121126646], [34.52883129823049, 59.486395474630314], [34.52431888285457, 59.48372611505416], [34.51887005109005, 59.48155561018801], [34.51269409543175, 59.479967269532494], [34.50602810506129, 59.479022048372244], [34.49912789257957, 59.47875621802278], [34.49225821763808, 59.47917997999372], [34.48568267492148, 59.48027707610663], [34.47965362559928, 59.48200540922397], [34.47440254989017, 59.48429865135035], [34.470131183795424, 59.48706877877233], [34.4670037756824, 59.4902094389053], [34.46514075887238, 59.4936000218677], [34.46461408570381, 59.49711028266968], [34.465444408086306, 59.500605338335205], [34.46760022114007, 59.503950849163736], [34.47099901236921, 59.5070181853645], [34.475510381591086, 59.50968937990712], [34.480961019520024, 59.51186167578461], [34.48714135869003, 59.51345149083095], [34.49381364256989, 59.51439764529879], [34.50072110042843, 59.51466372578476], [34.50759786957013, 59.51423949269818], [34.514179275281656, 59.513141275940626], [34.52021206380533, 59.51141134325791], [34.525464185663495, 59.50911626616481], [34.52973374558923, 59.50634434773191], [34.532856770189035, 59.503202213208944], [34.53471349349212, 59.49981069693975], [34.53523292128888, 59.496300186001534]]]}",377
297,деревня Косково,3,5,"{'type': 'Polygon', 'coordinates': [[[34.41082001364037, 59.60045139497381], [34.409992739788954, 59.596956033290034], [34.407836546549866, 59.59360962085957], [34.40443463182737, 59.590540694746366], [34.39991794452775, 59.58786710092877], [34.39446011962528, 59.585691479419545], [34.38827079625485, 59.58409733579248], [34.38158757698004, 59.58314584766557], [34.37466693484767, 59.58287352650577], [34.36777441188959, 59.5832908226673], [34.361174477451826, 59.584381726036746], [34.35512042654588, 59.58610437729163], [34.3498446970602, 59.58839266688836], [34.34554997016623, 59.59115876179178], [34.342401390923726, 59.59429646494052], [34.340520206569856, 59.59768528076026], [34.33997906925662, 59.60119503285723], [34.34079918946249, 59.604690858400005], [34.342949457753186, 59.60803838851618], [34.34634757824378, 59.611108915984445], [34.35086317966593, 59.61378435103487], [34.35632279236148, 59.61596177334374], [34.362516505021254, 59.61755740318169], [34.36920604685249, 59.61850983666849], [34.37613398225595, 59.61878241841448], [34.383033658864264, 59.618364658393524], [34.389639518252, 59.61727263733751], [34.39569736338738, 59.61554838472677], [34.40097417874547, 59.61325825389692], [34.405267117841674, 59.6104903581943], [34.408411307793266, 59.6073511688355], [34.41028616959318, 59.60396140765669], [34.41082001364037, 59.60045139497381]]]}",10
298,деревня Некрасово,3,5,"{'type': 'Polygon', 'coordinates': [[[34.21698905319659, 59.21544799872037], [34.216191489091905, 59.21195112585194], [34.21407910027057, 59.20860119887461], [34.21073339405366, 59.20552689152826], [34.20628315600621, 59.20284625839156], [34.20089946863375, 59.20066221171155], [34.19478912738837, 59.199058582207414], [34.18818670839777, 59.19809691285045], [34.18134559048593, 59.19781410650492], [34.17452827093072, 59.19822101590437], [34.167996339083004, 59.19930202891849], [34.16200048387163, 59.20101566469612], [34.15677091006793, 59.20329615835295], [34.15250852400409, 59.20605597472943], [34.149377222548985, 59.20918915667026], [34.14749758017439, 59.21257538152719], [34.14694217888029, 59.21608457233266], [34.14773276595834, 59.219581888382905], [34.14983935685035, 59.2229329047002], [34.15318132691707, 59.22600878170265], [34.157630459389, 59.228691225845864], [34.16301584007546, 59.23087704917355], [34.169130415733655, 59.23248215048793], [34.17573896558523, 59.23344476274772], [34.18258717743771, 59.23372783954013], [34.189411474024055, 59.2333204869585], [34.19594920380266, 59.232238384603576], [34.20194879516192, 59.230523179169055], [34.20717947453637, 59.228240874505445], [34.2114401672817, 59.22547928148166], [34.214567234322466, 59.22234462773146], [34.21644074583836, 59.21895745997243], [34.21698905319659, 59.21544799872037]]]}",10
299,деревня Окулово,3,5,"{'type': 'Polygon', 'coordinates': [[[34.36502466684548, 59.61753571249696], [34.36420170063893, 59.61404005557787], [34.36204893164483, 59.61069288622171], [34.358649426980435, 59.6076227706959], [34.35413404377292, 59.60494760072672], [34.348676367624996, 59.60277007685521], [34.342486032491955, 59.601173777644334], [34.33580068006735, 59.60021996337509], [34.328876865296266, 59.59994523470104], [34.321980251741635, 59.600360134290646], [34.31537546530247, 59.60144874395583], [34.3093159866471, 59.60316929240437], [34.30403446141174, 59.60545575086245], [34.29973379275019, 59.6082203567063], [34.29657935352176, 59.61135697021553], [34.29469261590836, 59.61474513786484], [34.294146445545906, 59.618254708375225], [34.29496224672076, 59.621750826099095], [34.29710907662349, 59.62509911110978], [34.30050477230934, 59.62817082729181], [34.3050190565341, 59.63084783923361], [34.31047851100634, 59.63302716597061], [34.316673231038024, 59.63462495446977], [34.32336490737487, 59.63557971771933], [34.33029602231295, 59.63585471059185], [34.337199800903996, 59.635439350197046], [34.34381052643611, 59.63434962487646], [34.34987381406757, 59.6326274757709], [34.35515643828062, 59.63033917533994], [34.35945532861316, 59.627572766631], [34.362605382941354, 59.624434663834336], [34.36448579664497, 59.62104554720552], [34.36502466684548, 59.61753571249696]]]}",47
300,деревня Осиновка,3,5,"{'type': 'Polygon', 'coordinates': [[[34.2675160236161, 59.5937821505497], [34.26670378520254, 59.590285835814775], [34.26456223622791, 59.58693701822685], [34.26117401292796, 59.58386432779001], [34.256669539769966, 59.58118575548521], [34.251221984411416, 59.579004132765945], [34.24504059343732, 59.57740319570994], [34.238362666394366, 59.576444382662274], [34.23144447421393, 59.576164486072464], [34.22455146528966, 59.576574246812235], [34.21794812732736, 59.57765794374772], [34.21188788503861, 59.57937399398416], [34.206603412533966, 59.58165654130886], [34.20229772491051, 59.58441797323721], [34.19913638633791, 59.58755227202123], [34.19724113256139, 59.59093907325405], [34.196685155144095, 59.59444827847134], [34.197490234343135, 59.59794504646065], [34.19962583905393, 59.60129497273559], [34.20301023800066, 59.60436925850474], [34.20751358893969, 59.60704966991245], [34.21296289506228, 59.60923309551852], [34.2191486432465, 59.61083552477201], [34.22583287060025, 59.61179529215404], [34.232758347026454, 59.612075459926224], [34.23965851516995, 59.6116652459317], [34.24626779739769, 59.610580440308354], [34.252331864037245, 59.60886279473877], [34.25761745875582, 59.60657840831088], [34.26192139561053, 59.60381517349616], [34.26507837697139, 59.60067938251552], [34.26696733043953, 59.5972916269491], [34.2675160236161, 59.5937821505497]]]}",10
301,деревня Пакшеево,3,5,"{'type': 'Polygon', 'coordinates': [[[34.31883497960565, 59.593454281292026], [34.318017426886826, 59.58995830368057], [34.31587080970653, 59.586610343009106], [34.312477958611304, 59.58353899617431], [34.307969475257785, 59.58086220241043], [34.30251868066175, 59.57868272479063], [34.29633494515605, 59.577084217011134], [34.28965565778075, 59.57612802419231], [34.28273714135889, 59.575850838278164], [34.27584485663824, 59.57626329618809], [34.26924326368253, 59.57734957335055], [34.263185720598806, 59.57906798789082], [34.257904798421116, 59.5813525928504], [34.25360337656025, 59.58411569670358], [34.25044685599011, 59.58725121739814], [34.24855678791046, 59.590638743439214], [34.248006164988624, 59.59414814832007], [34.24881656181984, 59.59764458293761], [34.25095724275817, 59.6009936554032], [34.25434628099575, 59.60406659955967], [34.258853655349476, 59.60674523299529], [34.264306213639856, 59.608926512563585], [34.27049431702856, 59.610526510237875], [34.277179911505264, 59.61148365407466], [34.28410571404741, 59.611761107345906], [34.29100515466037, 59.611348192429496], [34.29761268385963, 59.610260803472045], [34.30367403979857, 59.608540791609336], [34.308956070971, 59.60625434697772], [34.31325572913284, 59.603489441176485], [34.316407881818385, 59.60035243058798], [34.31829164279906, 59.59696395352968], [34.31883497960565, 59.593454281292026]]]}",10
302,деревня Плутино,3,5,"{'type': 'Polygon', 'coordinates': [[[34.31591400084105, 59.642806903188266], [34.31509548245188, 59.63931093626622], [34.312945939033355, 59.63596296229492], [34.309548314773565, 59.63289157856928], [34.30503339554217, 59.630214725569175], [34.29957474994165, 59.6280351684395], [34.29338204971178, 59.62643656372559], [34.28669302758307, 59.625480260096204], [34.279764379269324, 59.625202953633575], [34.27286195346331, 59.62561528584422], [34.26625059853479, 59.62670143702339], [34.260184046549455, 59.6284197302502], [34.25489521396234, 59.63070422339971], [34.25058728391274, 59.63346722944752], [34.24742590777904, 59.63660267030666], [34.245532824173594, 59.63999013772749], [34.244981142858755, 59.64349950757672], [34.24579248052345, 59.646995932143625], [34.247936066780476, 59.650345019889784], [34.25132986436526, 59.65341800395842], [34.25584366998525, 59.65609670023203], [34.261304084576295, 59.6582780629442], [34.267501167086884, 59.65987816066586], [34.27419651762435, 59.660835417431194], [34.28113247703147, 59.66111299205151], [34.288042083566694, 59.660700202195606], [34.29465939565832, 59.659612937240674], [34.30072977431621, 59.6578930436701], [34.30601972050966, 59.65560670724676], [34.310325881564, 59.65284189561692], [34.31348287541537, 59.649704961750885], [34.31536963061452, 59.646316541194935], [34.31591400084105, 59.642806903188266]]]}",10
303,деревня Подборовье,3,5,"{'type': 'Polygon', 'coordinates': [[[34.2930993082884, 59.64469606622304], [34.29228311231568, 59.64119995014911], [34.29013571266422, 59.63785159603334], [34.28673997138366, 59.634779615853546], [34.282226602300184, 59.63210197305497], [34.27676911478785, 59.62992146314088], [34.270577136397, 59.62832177924052], [34.263888372358174, 59.627364311430874], [34.25695950859499, 59.6270858004451], [34.25005640207665, 59.62749693398101], [34.243443927198406, 59.62858193830498], [34.2373758588207, 59.63029918049493], [34.232085171354996, 59.632582758772536], [34.22777511887975, 59.63534502126432], [34.22461143402111, 59.63847991848859], [34.22271594387357, 59.64186706315151], [34.2221618505524, 59.64537634361106], [34.22297086344089, 59.64887291568971], [34.22511230162531, 59.65222238227371], [34.22850421063495, 59.65529596202226], [34.23301646007269, 59.6579754479704], [34.23847571102148, 59.660157764012176], [34.24467206746477, 59.66175894205158], [34.25136715765359, 59.662717364542424], [34.25830333256481, 59.662996145409736], [34.2652136221721, 59.662584555868705], [34.27183205851902, 59.66149843907557], [34.277903959165194, 59.6597795973161], [34.28319576627156, 59.65749417588862], [34.28750405530563, 59.65473010726963], [34.29066336211021, 59.65159371590717], [34.29255252611018, 59.64820561656388], [34.2930993082884, 59.64469606622304]]]}",10
304,деревня Пронино,3,5,"{'type': 'Polygon', 'coordinates': [[[34.2610327623448, 59.3556306797764], [34.26022720543746, 59.3521341782864], [34.25810161408442, 59.34878508248181], [34.254738005797726, 59.345712033668285], [34.25026585562438, 59.34303303746637], [34.24485708811745, 59.340850942612406], [34.238719460987426, 59.33924950429513], [34.23208859608984, 59.33829018091759], [34.22521896169297, 59.33800978504262], [34.21837414693316, 59.33841907686181], [34.21181679408385, 59.33950235300483], [34.205798566159615, 59.34121804614077], [34.20055052617696, 59.343500312914784], [34.19627429012339, 59.34626155063157], [34.193134288660964, 59.349395748038354], [34.191251433445565, 59.35278254382698], [34.190698433662355, 59.35629183923775], [34.191496948336685, 59.35978878945706], [34.19361669197237, 59.36313898325117], [34.19697653731899, 59.36621361215563], [34.20144758220355, 59.368894429995585], [34.206858070344246, 59.37107831070682], [34.21299998208068, 59.37268122721996], [34.21963704326517, 59.373641496089846], [34.226513842300434, 59.373922160810814], [34.23336569929782, 59.373512420261925], [34.239928899866044, 59.37242804612853], [34.24595089072802, 59.37071077290086], [34.25120003599458, 59.368426684488554], [34.25547455140983, 59.3656636609149], [34.25861026826427, 59.36252798531308], [34.26048692719509, 59.359140244032886], [34.2610327623448, 59.3556306797764]]]}",10
305,местечко Рязанский Шлюз,3,5,"{'type': 'Polygon', 'coordinates': [[[34.45672277614858, 59.591377022660176], [34.45589097988197, 59.58788196401008], [34.453730832726215, 59.584536318158335], [34.450325683914784, 59.581468592574296], [34.44580660591973, 59.578796587032315], [34.440347324878346, 59.57662288051757], [34.43415753529036, 59.57503090509662], [34.427474857248406, 59.57408175521243], [34.42055574287765, 59.57381185266305], [34.41366567566018, 59.57423155505707], [34.40706903098954, 59.575324759992704], [34.401018978068926, 59.57704951983509], [34.39574780186391, 59.57933964407756], [34.39145800927632, 59.582107229172024], [34.38831455633863, 59.58524602070541], [34.38643849367671, 59.588635481129586], [34.38590227674339, 59.59214540909057], [34.386726926769846, 59.59564093479786], [34.38888115982321, 59.59898770071943], [34.39228252703811, 59.60205702886555], [34.39680053165686, 59.60473087548654], [34.402261610955044, 59.60690638130966], [34.40845579666566, 59.60849984033986], [34.41514479942661, 59.60944993226794], [34.422071204231024, 59.609720091878074], [34.42896841769331, 59.60929992242637], [34.43557097646791, 59.60820559742008], [34.44162481098256, 59.60647923501484], [34.44689706055885, 59.6041872696931], [34.45118505488496, 59.601417885290665], [34.45432411169846, 59.598277610148884], [34.456193849643874, 59.59488720768159], [34.45672277614858, 59.591377022660176]]]}",10
306,деревня Самойлово,3,5,"{'type': 'Polygon', 'coordinates': [[[34.29488688498063, 59.50815203929669], [34.29407399133826, 59.504655852154066], [34.291935274532214, 59.501307429879056], [34.288553259715485, 59.498235387401884], [34.28405813113315, 59.4955576910502], [34.27862269656034, 59.49337713895434], [34.27245573698669, 59.49177742642794], [34.2657939985121, 59.490819945120066], [34.258893131864255, 59.49054143659172], [34.252017922019526, 59.490952588545476], [34.24543217518419, 59.49203762641436], [34.2393886422968, 59.49375491565552], [34.23411935697318, 59.496038552195536], [34.229826751458624, 59.49880088135319], [34.22667588699305, 59.50193585052095], [34.22478809566951, 59.50532306916687], [34.22423628036095, 59.50883242249501], [34.22504205898065, 59.51232906342685], [34.227174871029774, 59.51567859232761], [34.23055309030071, 59.51875222579339], [34.23504711038633, 59.5214317552832], [34.24048429227117, 59.5236141035881], [34.24665558895417, 59.52521530193775], [34.2533235940502, 59.52617373247984], [34.26023170279476, 59.52645250914088], [34.267114027666814, 59.526040903397465], [34.27370567926065, 59.524954758902034], [34.27975300769143, 59.52323587867144], [34.285023401506784, 59.52095040899302], [34.28931425970466, 59.51818628362677], [34.292460787059305, 59.51504982863659], [34.294342311763785, 59.51166166075725], [34.29488688498063, 59.50815203929669]]]}",181
307,деревня Сара,3,5,"{'type': 'Polygon', 'coordinates': [[[34.31296365905249, 59.59687585656128], [34.312146627483706, 59.5933798422931], [34.31000036993368, 59.59003178588537], [34.30660770326052, 59.586960287925585], [34.302099222159555, 59.58428329345638], [34.29664824766078, 59.58210357325332], [34.29046415707104, 59.580504790315], [34.28378435308694, 59.57954830030928], [34.276865178344174, 59.579270806571934], [34.269972118804034, 59.57968295782457], [34.26336966418874, 59.58076894125937], [34.2573112055867, 59.58248708627749], [34.2520293490889, 59.584771456277345], [34.247727009910456, 59.587534368772964], [34.244569624216474, 59.590669749086004], [34.24267877644164, 59.59405719114294], [34.242127489256596, 59.597566571693534], [34.24293736286911, 59.60106304259702], [34.245077681857865, 59.604412210591356], [34.24846653345658, 59.6074853058602], [34.25297390378092, 59.61016414018533], [34.25842664090767, 59.61234566268982], [34.26461509918688, 59.61394593599097], [34.271301210981136, 59.61490337752641], [34.27822767334734, 59.6151811390985], [34.28512789084846, 59.61476853121014], [34.29173628402661, 59.61368143618788], [34.297798557700666, 59.61196169385986], [34.30308152497005, 59.609675484003816], [34.30738210151581, 59.60691076920719], [34.31053511951874, 59.60377389853222], [34.31241965948583, 59.60038550494635], [34.31296365905249, 59.59687585656128]]]}",10
308,деревня Селиваново,3,5,"{'type': 'Polygon', 'coordinates': [[[34.284033893449404, 59.47257608832067], [34.283223023586565, 59.46907980833421], [34.28108767286586, 59.465731179441086], [34.27771023635002, 59.46265882463715], [34.27322072194702, 59.45998072240423], [34.26779172168435, 59.4577996866253], [34.26163176968392, 59.45619943133623], [34.25497734348384, 59.455241369137994], [34.24808381376488, 59.45496226395377], [34.24121568458762, 59.45537282639326], [34.23463649101151, 59.45645730446468], [34.22859873287152, 59.458174085013056], [34.22333422226139, 59.46045728336224], [34.21904520793807, 59.46321926151562], [34.21589661273772, 59.466353980219786], [34.21400968081301, 59.46974105847363], [34.21345728105055, 59.473250386837144], [34.21426105278342, 59.476747119212824], [34.21639051167387, 59.48009685253118], [34.219764159636576, 59.483170795657806], [34.22425256553694, 59.485850728303326], [34.22968330610804, 59.48803355792107], [34.23584758228277, 59.489635297379365], [34.24250825820705, 59.49059430812577], [34.249409011735715, 59.4908736818291], [34.25628423904758, 59.49046266699996], [34.26286932445554, 59.48937708450244], [34.26891087114627, 59.487658715630594], [34.27417649025407, 59.485373686868556], [34.27846376426433, 59.48260991487677], [34.281608035288784, 59.47947371200423], [34.28348871749169, 59.47608568520298], [34.284033893449404, 59.47257608832067]]]}",10
309,деревня Слизиха,3,5,"{'type': 'Polygon', 'coordinates': [[[34.442286524966896, 59.59948689376527], [34.44145601290539, 59.59599174280227], [34.439296764156225, 59.592645859538464], [34.43589209374497, 59.589577760596256], [34.43137305606367, 59.5869052601004], [34.425913375946, 59.58473095603201], [34.419722763377315, 59.583138303372934], [34.413038870107385, 59.58218842252758], [34.40611819486893, 59.58191776331345], [34.39922628092499, 59.58233671235112], [34.39262757435691, 59.583429196137764], [34.38657532328863, 59.58515329472247], [34.38130189685464, 59.58744284300769], [34.37700988818559, 59.590209959603776], [34.373864338326435, 59.59334840814997], [34.37198637845507, 59.59673766434348], [34.37144853702532, 59.60024753474968], [34.37227189789898, 59.60374315185656], [34.374425226965855, 59.607090154671596], [34.37782611041799, 59.61015985613113], [34.3823440703941, 59.61283419814182], [34.38780554613242, 59.61501030236866], [34.39400055428167, 59.6166044397719], [34.40069077390511, 59.61755526390816], [34.40761874313952, 59.61782618135217], [34.41451780827599, 59.617406766170255], [34.42112243452792, 59.61631316283148], [34.42717847255283, 59.614587461728654], [34.43245297668697, 59.61229607192832], [34.43674318973067, 59.60952715517424], [34.43988434400771, 59.606387221884724], [34.44175597752804, 59.602997022401134], [34.442286524966896, 59.59948689376527]]]}",10
310,поселок Совхозный,3,5,"{'type': 'Polygon', 'coordinates': [[[34.32135569166476, 59.50448790413942], [34.32054015574571, 59.500991889050326], [34.31839906013973, 59.497643906272096], [34.31501502109965, 59.49457255376326], [34.31051830027249, 59.491895771290935], [34.305081766222024, 59.48971632186366], [34.29891424183792, 59.48811785846206], [34.292252494674756, 59.48716172481134], [34.28535217568315, 59.486884610787506], [34.27847804883879, 59.48729715061725], [34.27189387892389, 59.48838351650454], [34.26585235659175, 59.49010202295374], [34.260585438580826, 59.49238671916046], [34.2562954665624, 59.49514990972323], [34.25314740092565, 59.498285508889616], [34.25126246645808, 59.50167310183784], [34.25071345635751, 59.50518255928308], [34.25152188069006, 59.50867903003131], [34.25365707708888, 59.51202812088131], [34.257037327401605, 59.515101065180815], [34.26153294678112, 59.5177796808272], [34.26697123435016, 59.51996092572788], [34.27314310026276, 59.52156087355752], [34.27981111600632, 59.52251795460007], [34.28671867629516, 59.52279533474746], [34.293599914730656, 59.52238233925817], [34.3001899838543, 59.52129486529826], [34.306235294911396, 59.5195747670576], [34.311503314364984, 59.51728823767655], [34.31579153286019, 59.514523251640775], [34.31893525696687, 59.51138616804724], [34.320813922856445, 59.50799762770798], [34.32135569166476, 59.50448790413942]]]}",684
311,деревня Спирово,3,5,"{'type': 'Polygon', 'coordinates': [[[34.31392519513231, 59.189472988677544], [34.313118375682315, 59.18597673228982], [34.310998160218475, 59.18262839705333], [34.307646355420886, 59.17955659526989], [34.30319197964778, 59.176879285109194], [34.297806272925044, 59.17469925116134], [34.29169610712508, 59.17310017014006], [34.285096050938435, 59.17214341055024], [34.27825939228554, 59.17186568698332], [34.271448457583006, 59.172277657266896], [34.26492459185209, 59.17336351515795], [34.25893817545578, 59.175081593888095], [34.25371905200716, 59.17736595795549], [34.249467727728536, 59.1801289234206], [34.24634767557646, 59.18326441190959], [34.24447903841818, 59.18665201180594], [34.24393397543624, 59.19016159289307], [34.244733836123736, 59.19365829904568], [34.246848278505915, 59.19700772834896], [34.25019637480171, 59.20008110193948], [34.25464967123917, 59.2027602223544], [34.260037092112505, 59.20494202940889], [34.2661515045864, 59.20654257644966], [34.272757693453, 59.207500271783495], [34.27960143714648, 59.207778258360285], [34.28641933061598, 59.2073658383114], [34.292948969430064, 59.20627888635275], [34.29893909432586, 59.20455923581473], [34.30415929710535, 59.20227306149283], [34.308408907228916, 59.199508322921524], [34.311524712705555, 59.19637136841387], [34.313387217186175, 59.192982832774256], [34.31392519513231, 59.189472988677544]]]}",9
312,деревня Струги,3,5,"{'type': 'Polygon', 'coordinates': [[[34.20763904720913, 59.21727951043393], [34.20684239353968, 59.21378257820898], [34.20473080327926, 59.21043249768604], [34.20138575318185, 59.20735794853333], [34.19693600374006, 59.20467699463617], [34.19155261882365, 59.202492560566874], [34.185442382380245, 59.20088849191508], [34.17883986658855, 59.199926348498906], [34.17199845401883, 59.19964305136264], [34.165180653242615, 59.20004947206023], [34.15864807202232, 59.20113001720527], [34.15265142412105, 59.20284322389889], [34.14742094463108, 59.205123343731955], [34.14315757454851, 59.207882855912054], [34.140025248438405, 59.211015814990496], [34.13814458007056, 59.214401906913], [34.13758819084658, 59.21791105985836], [34.13837786605331, 59.22140843461817], [34.140483656256734, 59.22475960399532], [34.143824967708625, 59.2278357225537], [34.14827360909176, 59.23051848748031], [34.15365868522931, 59.232704698490124], [34.159773154701526, 59.23431023947023], [34.16638180088977, 59.235273326453814], [34.17323030792599, 59.235556894746786], [34.180055087169414, 59.23515003151394], [34.18659346844827, 59.23406839751382], [34.19259385499276, 59.23235362141378], [34.1978254425366, 59.230071690550986], [34.20208712139355, 59.2273104014308], [34.20521521447329, 59.22417597002483], [34.20708975244686, 59.22078893453572], [34.20763904720913, 59.21727951043393]]]}",9
313,деревня Сычово,3,5,"{'type': 'Polygon', 'coordinates': [[[34.3364973344484, 59.61208544328968], [34.335677469986535, 59.608589593758126], [34.33352788730539, 59.60524194220019], [34.330131531196855, 59.60217107352603], [34.32561913807055, 59.59949490848794], [34.32016417901585, 59.597316185908156], [34.313976184019715, 59.59571853040849], [34.30729270527974, 59.594763254337586], [34.30037022609081, 59.59448701443275], [34.29347435891106, 59.59490041132103], [34.28686970101057, 59.59598758443828], [34.28080972799654, 59.5977068175859], [34.27552710422481, 59.599992132453295], [34.27122477467231, 59.60275581032287], [34.26806817557743, 59.605891747142145], [34.266178861689504, 59.60927951544421], [34.26562979729347, 59.61278897938916], [34.266442497669445, 59.61628528754196], [34.26858613911511, 59.61963405278212], [34.271978681337465, 59.62270652065151], [34.27648996855704, 59.6253845269351], [34.281946698049815, 59.627565052497815], [34.288139070296715, 59.62916419822987], [34.29482886670372, 59.63012042490811], [34.301758642167904, 59.63039693107371], [34.308661673438266, 59.62998307556371], [34.31527227257584, 59.628894788763425], [34.32133605947359, 59.62717395641974], [34.326619789147, 59.62488680030654], [34.33092034825671, 59.622121319454514], [34.33407257009924, 59.618983892403676], [34.33595556632257, 59.615595173495066], [34.3364973344484, 59.61208544328968]]]}",9
314,деревня Тарасово,3,5,"{'type': 'Polygon', 'coordinates': [[[34.28157337196838, 59.36904809674471], [34.280765367520786, 59.36555173770036], [34.27863690078469, 59.36220299340822], [34.275270099903004, 59.35913049156212], [34.27079456255497, 59.35645221666981], [34.26538234322357, 59.35427098967942], [34.259241331889875, 59.352670532394406], [34.25260727999557, 59.35171226552345], [34.2457347778017, 59.35143296107365], [34.23888752422895, 59.35184333737106], [34.232328254972096, 59.352927649467226], [34.22630870655953, 59.35464429032345], [34.221059992809224, 59.35692738025769], [34.21678375583711, 59.35968928500993], [34.21364442672085, 59.36282396772759], [34.21176289174536, 59.3662110484464], [34.21121180984239, 59.36972041741185], [34.212012766759145, 59.37321722690641], [34.21413538344789, 59.37656707100646], [34.21749842238202, 59.37964115458254], [34.22197285860522, 59.38232125232301], [34.227386805271856, 59.38450426576769], [34.23353210943072, 59.38610620114158], [34.240172366096715, 59.38706541271019], [34.24705204038809, 59.38734498464459], [34.25390634149624, 59.38693415789655], [34.260471460802016, 59.38584874599164], [34.266494771159785, 59.384130523404664], [34.271744586030024, 59.38184561062196], [34.276019095662335, 59.37908191941585], [34.279154131951884, 59.37594575861016], [34.28102946215801, 59.372557733194476], [34.28157337196838, 59.36904809674471]]]}",9
315,деревня Угол,3,5,"{'type': 'Polygon', 'coordinates': [[[34.337916659842946, 59.602912091321784], [34.33709688454698, 59.5994162456062], [34.33494775915176, 59.596068611179795], [34.331552210647786, 59.59299777231249], [34.32704094425254, 59.590321648641115], [34.3215873876949, 59.58814297743564], [34.31540101710848, 59.58654538138282], [34.30871932240749, 59.58559017058185], [34.30179871854531, 59.58531399928728], [34.29490474617367, 59.58572746550163], [34.28830193001116, 59.58681470599347], [34.28224367511623, 59.588534001957186], [34.27696257997526, 59.59081937263826], [34.27266153088243, 59.593583097136715], [34.26950591482578, 59.59671906956903], [34.26761724863586, 59.60010686106449], [34.267068471488884, 59.603616334866246], [34.26788108736441, 59.607112639148276], [34.27002427554176, 59.61046138694183], [34.27341601291768, 59.61353382447722], [34.277926174484925, 59.616211788735], [34.283381500715755, 59.61839226223271], [34.28957224606088, 59.6199913479008], [34.296260254589065, 59.6209475088595], [34.30318815012347, 59.6212239462012], [34.310089281920234, 59.62081002142], [34.316698035302224, 59.61972166756016], [34.32276010132276, 59.618000772927545], [34.32804230128668, 59.61571356165979], [34.33234158070162, 59.612948034869525], [34.335492821997974, 59.6098105728228], [34.33737517436314, 59.6064218311704], [34.337916659842946, 59.602912091321784]]]}",9
316,деревня Фалилеево,3,5,"{'type': 'Polygon', 'coordinates': [[[34.26350807621301, 59.36852997002326], [34.26270194183441, 59.365033492529136], [34.260575284039696, 59.3616844471415], [34.25721016159906, 59.358611473188446], [34.25273610790753, 59.35593257336226], [34.24732512068967, 59.353750592640864], [34.241185042836044, 59.352149281777066], [34.23455159013598, 59.35119009423847], [34.227679329972965, 59.350909837348425], [34.2208319520215, 59.35131926595919], [34.21427219670849, 59.3524026714662], [34.20825181909816, 59.354118481607166], [34.20300196465742, 59.35640084858203], [34.19872431908083, 59.35916216589965], [34.195583367318775, 59.36229641929816], [34.19370005779213, 59.36568324535533], [34.19314711747764, 59.36919254416755], [34.1939462034846, 59.372689470789005], [34.19606700871053, 59.37603961487013], [34.19942836538546, 59.37911416981698], [34.20390131341856, 59.381794892245395], [34.209314023412794, 59.38397865970292], [34.215458390201505, 59.38558144942221], [34.22209804504421, 59.38654158279319], [34.22897747633693, 59.3868221084979], [34.235831902664614, 59.38641223075944], [34.242397510547974, 59.38532772655805], [34.24842165392166, 59.383610335422524], [34.25367261401594, 59.381326145845144], [34.25794853681158, 59.37856304179184], [34.26108519963699, 59.37542730953862], [34.26296230702334, 59.3720395376499], [34.26350807621301, 59.36852997002326]]]}",9
317,деревня Финиково,3,5,"{'type': 'Polygon', 'coordinates': [[[34.34832007430589, 59.612947244333704], [34.34749896059533, 59.60945147366988], [34.345348148675015, 59.60610402083333], [34.34195063049208, 59.603033463054565], [34.33743718697709, 59.600357709109026], [34.33198132941601, 59.598179482009556], [34.32579262214904, 59.596582387345585], [34.3191086445902, 59.59562771594014], [34.31218589909168, 59.59535210133503], [34.30529000829449, 59.5957661201769], [34.298685570393566, 59.596853888050234], [34.2926260526248, 59.59857366594334], [34.28734410198564, 59.60085945464072], [34.28304263775399, 59.60362351722705], [34.27988706309039, 59.606759734857086], [34.27799889353205, 59.610147669245464], [34.27745104950052, 59.61365717812829], [34.27826499942978, 59.61715340829406], [34.28040987158094, 59.62050197556911], [34.28380357828253, 59.623574133059975], [34.288315918868, 59.626251728449745], [34.293773549963504, 59.62843175838237], [34.29996663722532, 59.63003034280336], [34.30665693442526, 59.630985964087515], [34.31358697710253, 59.63126184408239], [34.320490031685715, 59.63084736573816], [34.32710040935739, 59.629758483425434], [34.33316373860506, 59.62803710581945], [34.338446792168675, 59.6257494756776], [34.34274648286121, 59.62298361025851], [34.34589767752836, 59.61984590287233], [34.347779527448054, 59.61645701860605], [34.34832007430589, 59.612947244333704]]]}",5
318,деревня Фомкино,3,5,"{'type': 'Polygon', 'coordinates': [[[34.25797588055419, 59.28300474161641], [34.25717245024648, 59.27950817603532], [34.2550517790976, 59.27615897736593], [34.25169569390164, 59.27308579105499], [34.247233379565586, 59.27040662827138], [34.241836382386616, 59.26822434445382], [34.23571200828005, 59.26662270234396], [34.2290953710478, 59.26566316841392], [34.22224039397984, 59.26538256346569], [34.215410104981814, 59.265791655760914], [34.20886659010192, 59.26687474951484], [34.20286098220778, 59.26859028421859], [34.19762386037168, 59.27087242234192], [34.193356421279496, 59.273633565832995], [34.190222757005245, 59.276767706768595], [34.188343534421286, 59.280154485772506], [34.18779132133001, 59.28366380458145], [34.18858774447879, 59.28716081744643], [34.190702596749965, 59.29051111080797], [34.19405493722049, 59.293585872562524], [34.19851615108439, 59.29626685169436], [34.203914859582426, 59.2984509162423], [34.21004349626747, 59.300054032364535], [34.21666629839899, 59.30101450918373], [34.22352840413651, 59.30129538235138], [34.23036570029797, 59.30088584277188], [34.236915034057134, 59.29980165432496], [34.24292438667439, 59.29808454417682], [34.24816260897782, 59.29580058970499], [34.2524283367464, 59.293037665483915], [34.25555773844063, 59.289902050536824], [34.25743079612763, 59.28651432864452], [34.25797588055419, 59.28300474161641]]]}",9
319,деревня Часовня,3,5,"{'type': 'Polygon', 'coordinates': [[[34.275073183336914, 59.35525089533568], [34.27426619337918, 59.35175448535264], [34.272139246761206, 59.348405622905695], [34.268774412947465, 59.345332940285424], [34.264301213900964, 59.34265442901008], [34.25889161427888, 59.340472919172996], [34.252753403573706, 59.33887214349671], [34.24612222590912, 59.33791353495584], [34.23925256147608, 59.337633878694284], [34.232408000544524, 59.33804390653992], [34.22585117569208, 59.33912788689499], [34.21983372977171, 59.34084422541339], [34.21458669592778, 59.3431270539684], [34.21031165168584, 59.34588874828345], [34.20717298210331, 59.34902327954346], [34.205291547811505, 59.35241027357401], [34.204740003487736, 59.35591962394523], [34.205539952246056, 59.359416483672156], [34.207661053420885, 59.36276644494089], [34.21102212746311, 59.36584070817527], [34.21549422480138, 59.368521041223104], [34.22090554850466, 59.37070433664275], [34.227048046605724, 59.3723065898728], [34.23368542226405, 59.37326614299434], [34.24056225169984, 59.3735460670594], [34.247413853835354, 59.37313558946945], [34.25397652413251, 59.37205051029181], [34.259997729822054, 59.37033259115849], [34.26524586536933, 59.36804794083074], [34.26951918552551, 59.36528446093353], [34.2726535677106, 59.36214845212057], [34.274528804011005, 59.35876051351013], [34.275073183336914, 59.35525089533568]]]}",9
320,деревня Черкасова Горка,3,5,"{'type': 'Polygon', 'coordinates': [[[34.27374505386757, 59.348338276325336], [34.27293837370271, 59.34484185345076], [34.27081199869554, 59.34149296393014], [34.26744797619653, 59.33842024111602], [34.262975796904776, 59.33574167809878], [34.25756738627806, 59.3335601069895], [34.251430488181974, 59.33195926289214], [34.244800696429216, 59.331000581430686], [34.23793243812903, 59.330720850561676], [34.23108924971178, 59.33113080497909], [34.22453371119671, 59.3322147158949], [34.218517416151066, 59.333930991610075], [34.21327135357777, 59.3362137663839], [34.208997063688365, 59.338975417977345], [34.205858902486, 59.342109919190214], [34.203977710933685, 59.34549689698274], [34.20342613420226, 59.349006245538654], [34.20422577645347, 59.35250311794369], [34.20634630861345, 59.35585310590879], [34.2097065728519, 59.35892740885336], [34.21417765063135, 59.36160779312668], [34.21958778419032, 59.36379114934796], [34.2257289673634, 59.36539347064605], [34.2323649539741, 59.36635309650638], [34.239240373801714, 59.36663309519603], [34.24609060013716, 59.366222691247756], [34.252651981500975, 59.365137681886615], [34.25867203480484, 59.36341982604022], [34.263919198885574, 59.36113523001005], [34.268191765838154, 59.358371793305], [34.27132564196197, 59.355235814892225], [34.27320063865868, 59.351847892701635], [34.27374505386757, 59.348338276325336]]]}",9
321,деревня Чудцы,3,5,"{'type': 'Polygon', 'coordinates': [[[34.506854794989216, 59.48712188379656], [34.50602054983315, 59.48362710029288], [34.50386227279319, 59.48028222305496], [34.50046323836784, 59.47721573010317], [34.49595428187337, 59.47454537410869], [34.490508739315395, 59.47237367106917], [34.484335777255204, 59.47078397653808], [34.47767237032417, 59.46983729778752], [34.47077423228366, 59.46956996206343], [34.46390604338781, 59.46999222861216], [34.457331341368395, 59.47108789659691], [34.45130245505163, 59.472814923642225], [34.446050858170736, 59.47510703184913], [34.44177830638217, 59.47787624102413], [34.43864909315035, 59.481016233862164], [34.43678372067359, 59.4844064261665], [34.43625423137535, 59.48791658804388], [34.4370813850637, 59.491411840433884], [34.43923379847364, 59.49475783620281], [34.44262908979086, 59.497825927044225], [34.447136993553926, 59.5004981170229], [34.45258433402708, 59.502671610933845], [34.45876167093376, 59.504262780579474], [34.46543136361221, 59.5052103941147], [34.47233674135246, 59.50547798198097], [34.47921202172062, 59.50505524654548], [34.48579258737157, 59.503958460028905], [34.49182521679399, 59.50222983509319], [34.49707786640132, 59.49993589290181], [34.50134862027011, 59.49716489285584], [34.50447345865392, 59.4940234249041], [34.506332545385725, 59.490632297815864], [34.506854794989216, 59.48712188379656]]]}",9
322,поселок Чудцы,3,5,"{'type': 'Polygon', 'coordinates': [[[34.395664739112796, 59.505549834831555], [34.39484149716713, 59.50205431365715], [34.392692992418354, 59.49870757672722], [34.38930212522384, 59.49563817386476], [34.384799418712916, 59.49296396974512], [34.37935797040071, 59.49078762824022], [34.3731867909624, 59.48919268296667], [34.36652278751769, 59.488240342634455], [34.359621697134514, 59.487967151613674], [34.352748313238244, 59.48838359368514], [34.34616637229085, 59.48947369140102], [34.34012847990882, 59.49119561611205], [34.33486645425088, 59.493483285820325], [34.33058245005216, 59.49624889090713], [34.327441199429856, 59.499386252760196], [34.325563666173636, 59.50277488863467], [34.32502235965074, 59.50628462889749], [34.32583849408063, 59.509780611172815], [34.32798111057242, 59.51312846072128], [34.331368205202146, 59.51619945833403], [34.33586982917981, 59.518875496549576], [34.341313049797236, 59.52105363227159], [34.34748858656284, 59.52265005873006], [34.354158868993686, 59.52360334171785], [34.361067204102575, 59.52387679335393], [34.36794769551924, 59.52345989018114], [34.374535524725175, 59.52236867984584], [34.380577189669566, 59.520645160383765], [34.385840297855765, 59.51835565657932], [34.39012252974464, 59.515588257275816], [34.3932594230381, 59.512449414238674], [34.39513067731062, 59.5090598357094], [34.395664739112796, 59.505549834831555]]]}",9
323,деревня Чурилова Гора,3,5,"{'type': 'Polygon', 'coordinates': [[[34.31069004978771, 59.29357050284102], [34.30988095379591, 59.29007428885537], [34.30775444599319, 59.286725975281094], [34.304392577261744, 59.28365417334481], [34.29992475426844, 59.28097684086112], [34.29452273429588, 59.27879676285383], [34.28839401547028, 59.277197617306896], [34.28177387776676, 59.276240774847466], [34.27491637834505, 59.27596295301389], [34.268084641631525, 59.276374813328225], [34.26154080919921, 59.27746055385987], [34.255536026327746, 59.279178512591976], [34.25030084088001, 59.28146275899414], [34.24603637583521, 59.28422561407255], [34.24290660978862, 59.28736100411878], [34.24103206059923, 59.290748521657854], [34.24048511712727, 59.294258039877114], [34.24128720402612, 59.29775470515018], [34.243407896635304, 59.3011041170474], [34.246766029382776, 59.304177497132635], [34.25123276437189, 59.306856647332566], [34.25663650995985, 59.30903850589268], [34.26276950531213, 59.31063912375582], [34.26939581939153, 59.31159690614794], [34.276260454740545, 59.31187499243426], [34.28309920055153, 59.3114626808321], [34.28964884817893, 59.310375841976686], [34.295657367032014, 59.308656305094836], [34.30089364047911, 59.306370240976136], [34.305156379903984, 59.30360560534536], [34.30828186942236, 59.30046874298376], [34.31015024223821, 59.29708028551275], [34.31069004978771, 59.29357050284102]]]}",9
